Column1;Column2;Column3;Column4;Column5;Column6;Column7; Column8 ;Column9;Column10;Column11;Column12;Column13;Column14;Column15;Column16;Column17;Column18;Column20;Column21;Column22;Column23;Column24;Column25;Column26;Column27;Column28;Column29;Column30;Column31
continent;sub contient;country;Predom. Religion;SOGI-LI;DEMOC.;HAPPINESS; Per capita GDP ;% with tertiary educ.;GRI;Religiosity;SHI;legality of sam-sex sexual-activity;marriage/ civil unions;same-sex coupleadoptions;serving in the military;antidiscrimination laws; gender ID markers;Democracy Status;electoral process and pluralism;funct. Of gov;polit. Particpation;political culture;civil liberties;Satisfaction with GDP per capita;Social support;Healthy life expectancy;Freedom to make life choices;Generosity;Perceptions of corruption
africa;6. S.Africa;Zimbabwe;C;0,42;3,16;3,692;$2.147,00 ;0,38;2,8;88%;2,1;0,25;0;0;0;0;0;A;0,5;2;4,44;2,5;3,24;1,151;1,479;0,599;0,399;0,065;0,025
africa;6. S.Africa;Zambia;C;0,97;5,61;4,377;$1.539,90 ;0,49;3,2;95%;2;0,25;0,33;0;0;0;0;H;6,17;4,64;3,89;5,63;4,41;0,493;1,048;0,454;0,504;0,352;0,055
asia;8. W. Asia;Yemen;M;0,56;1,95;3,355;$944,41 ;1,5;4,7;99%;7,2;0;0,33;0;0;0;0;A;0;0;3,89;5,63;3,24;0,357;1,094;0,248;0,406;0,132;0,099
asia;10. SE. Asia;Vietnam;x;3,89;3,08;5,103;$2.563,82 ;3,27;7,6;30%;1,5;1;0,33;0;0,5;0;0,5;A;0;;3,21;3,75;4,41;0,689;1,172;0,048;0,462;0,201;0,032
america;15. S. America;Venezuela;C;2,83;3,16;4,806;;2,96;3,9;79%;1,4;1;0;0;0,5;0,2;0;A;1,67;1,79;4,44;5;2,94;0,985;1,35;0,553;0,496;0,116;0,148
oceana;melanesia;Vanuatu;C;3,89;;;$3.033,41 ;;1,5;;0,6;1;0,33;0;0;1;0;;;;;;;0;0,712;0,115;0,674;0,238;0,282
asia;9. C. Asia;Uzbekistan;M;0,97;2,01;6,096;$1.532,37 ;;8;59%;1,7;0,25;0,33;0;0;0;0;A;0,08;1,86;2,22;5,63;3,82;1,649;1,303;0,748;0,654;0,256;0,171
america;15. S. America;Uruguay;C;8,5;8,38;6,379;$17.277,97 ;3,5;1,1;41%;1;1;1;1;0,5;0,6;1;D;10;8,57;6,11;2,5;3,82;0,332;0,537;0,255;0,085;0,191;0,036
america;16. N. America;United States;c;6,6;7,96;6,886;$62.641,01 ;26,76;3,3;69%;4,4;1;1;1;0,5;0,6;0,5;F;9,17;7,14;7,78;5;2,65;2,096;0,776;0,67;0,284;0,186;
europe;21. W. Europe;United Kingdom;C;10;8,53;6,814;$42.491,36 ;15,31;2,6;27%;6,8;1;1;1;1;1;1;D;9,58;7,5;8,33;5;0,88;0,442;1,073;0,343;0,244;0,083;0,064
asia;8. W. Asia;United Arab Emirates;M;0,56;2,76;6,774;$43.004,95 ;8,54;5,8;91%;1;0;0,33;0;0;0;0;A;0;3,93;2,22;3,13;1,47;1,379;1,331;0,633;0,509;0,098;0,127
europe;17. E. Europe;Ukraine;C;3,67;5,69;4,103;$3.095,17 ;24,55;3,8;46%;7,1;1;0;0;0,5;0,2;0,5;H;6,17;3,21;6,67;;;;;;;;
oceana;polyneisa;Tuvalu;C;1,39;;;$3.700,71 ;;2;;2,8;0,5;0,33;0;0;0;0;;;;;3,13;2,35;;;;;;
asia;9. C. Asia;Turkmenistan;M;0,97;1,72;5,636;$6.966,64 ;;7,9;80%;0,4;0,25;0,33;0;0;0;0;A;0;0,79;2,22;6,25;8,53;0,819;1,493;0,693;0,575;0,096;0,031
asia;13. Eurasia;Turkey;M;3,06;4,37;5,483;$9.311,37 ;5,28;7,1;82%;5,3;1;0,33;0;0;0;0,5;H;4,5;5;5;6,25;5,88;0,9;0,906;0,69;0,271;0,04;0,063
africa;3. N.Africa;Tunisia;M;0,97;6,41;4,592;$3.446,61 ;7,38;;93%;;0,25;0,33;0;0;0;0;F;6,42;5,71;7,78;6,25;6,47;0,429;1,117;0,433;0,406;0,138;0,082
america;7. Caribbean;Trinidad and Tobago;x;2,22;7,16;;$16.843,70 ;6,48;0,8;92%;1,2;1;0,33;0;0;0;0;F;9,58;7,14;6,11;6,88;6,47;0,562;1,047;0,295;0,503;0,221;0,082
oceana;polyneisa;Tonga;C;1,39;;6,192;$4.364,02 ;2,91;1,6;;0,3;0,5;0,33;0;0;0;0;;;;;6,25;5,88;0,186;0,541;0,306;0,531;0,21;0,08
africa;4. W.Africa;Togo;x;0,97;3,1;3,999;$671,84 ;1,51;2,1;80%;0,8;0,25;0,33;0;0;0;0;A;3,17;0,79;3,33;5,63;4,41;0,455;0,991;0,381;0,481;0,27;0,097
africa;4. W.Africa;The Gambia;M;0,97;;;$712,45 ;;0,7;;3;0,25;0,33;0;0;0;0;;;;;5,63;5,59;0,076;0,858;0,267;0,419;0,206;0,03
america;7. Caribbean;The Bahamas;C;3,06;;;;;3;;0;1;0,33;0;0,5;0;0;;;;;5,63;4,41;0,779;0,797;0,669;0,46;0,026;0,074
asia;10. SE. Asia;Thailand;B;6,25;4,63;6,072;$7.273,56 ;10,47;3,4;97%;3,2;1;0,5;0,25;0,5;1;0,5;H;3;4,29;5;3,75;2,94;0,885;1,025;0,553;0,312;0,092;0,107
africa;1. SE.Africa;Tanzania;C;0,97;5,41;3,303;$1.050,68 ;0,36;4,7;89%;2,9;0,25;0,33;0;0;0;0;H;7;5;5;5;2,65;0,308;0,95;0,391;0,452;0,22;0,146
asia;9. C. Asia;Tajikistan;M;3,05;1,93;5,199;$826,62 ;3,74;7,5;85%;2;1;0,33;0;0;0;0,5;A;0,08;0,79;1,67;4,38;2,65;0,535;0,891;0,182;0,454;0,183;0,043
asia;12. E. Asia;Taiwan;B;6,17;7,73;6,441;;;1,7;45%;0,1;1;1;0,5;0,5;0,2;0,5;F;9,58;8,21;6,11;4,38;2,94;0,344;0,792;0,211;0,394;0,185;0,094
asia;8. W. Asia;Syria;M;1,39;1,43;3,462;;2,55;8,3;89%;9;0;0,33;0;0;0;0,5;A;0;0;2,78;5;3,24;0,259;0,474;0,253;0,434;0,158;0,101
europe;19. C. Europe;Switzerland;C;6,22;9,03;7,487;$82.838,93 ;17,88;2,5;41%;4,6;1;0,83;0,5;0,5;0,4;0,5;D;9,58;9,29;7,78;5,63;3,53;;;;;;
europe;20. N. Europe;Sweden;C;10;9,39;7,314;$54.111,97 ;14,93;2,3;17%;4,5;1;1;1;1;1;1;D;9,58;9,64;8,33;6,88;1,18;;;;;;
america;15. S. America;Suriname;x;3,22;6,98;;$5.950,21 ;;0,9;;0;1;0,33;0;0;0,6;0;F;9,17;6,43;6,67;5;2,35;0,091;0,627;0,145;0,065;0,149;0,076
asia;11. S. Asia;Sri Lanka;B;2,64;6,19;4,471;$4.102,48 ;8,51;3,8;99%;5,6;0,5;0,33;0;0,25;0;0,5;F;7,83;5,71;5;3,75;2,65;0,358;0,907;0,053;0,189;0,181;0,06
europe;18. S. Europe;Spain;C;7,5;8,08;6,31;;14,96;4,5;49%;4;1;1;0,5;0,5;1;0,5;D;9,17;7,14;7,78;;;;;;;;
asia;12. E. Asia;South Korea;x;3,06;8;5,875;$31.362,75 ;30,04;2,4;43%;0,8;1;0,33;0;0;0;0,5;D;9,17;7,86;7,22;;;0,256;0,813;0;0,355;0,238;0,053
africa;6. S.Africa;South Africa;C;7,67;7,24;4,724;$6.339,57 ;0,32;0,9;85%;2,8;1;1;1;0,5;0,6;0,5;F;7,42;7,5;8,33;4,38;3,53;1,474;1,301;0,675;0,554;0,167;0,106
africa;2. Horn Africa;Somalia;M;0,56;;4,982;$498,66 ;;4,4;100%;7,1;0;0,33;0;0;0;0;;;;;5,63;2,06;0,682;1,174;0,429;0,58;0,598;0,178
oceana;melanesia;Solomon Islands;x;1,39;;;$2.162,65 ;;1;;2,1;0,5;0,33;0;0;0;0;;;;;4,38;4,12;;;;;;
europe;19. C. Europe;Slovenia;C;7,22;7,5;5,948;$26.234,02 ;13,25;2,6;47%;0,2;1;0,33;1;0,5;1;0,5;F;9,58;6,79;6,67;5;0,88;0,719;1,584;0,605;0,724;0,328;0,259
europe;19. C. Europe;Slovakia;C;4,33;7,1;6,173;$19.546,90 ;8,76;3;47%;2,7;1;0;0;0,5;0,6;0,5;F;9,58;6,79;5,56;5;0,59;1,016;1,533;0,517;0,417;0,199;0,037
asia;10. SE. Asia;Singapore;N;2,64;6,38;6,343;$64.581,94 ;29,71;7,1;70%;1,9;0,5;0,33;0;0,25;0;0,5;F;4,33;7,86;6,11;;;;;;;;
africa;4. W.Africa;Sierra Leone;M;0,97;;4,571;$522,86 ;1,22;3,4;;2,6;0,25;0,33;0;0;0;0;;;;;5,63;7,65;;;;;;
asia;Ind. Ocea;Seychelles;C;2,56;4,66;;$16.433,94 ;;2,6;;0;1;0,33;0;0;0,2;0;H;6,58;1,86;3,33;5;7,35;;;;;;
europe;18. S. Europe;Serbia;C;6,33;6,41;5,398;$7.234,00 ;8,97;4,2;;1,1;1;0;0,5;0,5;0,8;1;F;8,25;5,36;6,11;6,25;6,18;0,592;0,896;0,337;0,499;0,212;0,029
africa;4. W.Africa;Senegal;M;0,97;6,15;4,631;$1.521,95 ;1,25;1,2;98%;1;0,25;0,33;0;0;0;0;F;7,5;6,07;4,44;;;;;;;;
asia;8. W. Asia;Saudi Arabia;M;0,56;1,93;6,371;$23.219,13 ;6,67;7,8;;4,7;0;0,33;0;0;0;0;A;0;2,86;2,22;8,75;9,41;0,557;1,245;0,292;0,129;0,134;0,093
africa;5. C.Africa;São Tomé and Príncipe;C;2,22;;;$2.001,14 ;;0,5;54%;0;1;0,33;0;0;0;0;;;;;5;3,82;0,979;1,154;0,687;0,077;0,055;0,135
europe;18. S. Europe;San Marino;C;4,72;;;;;0,6;96%;0;1;0,33;0;0,5;1;0;;;;;5;7,06;;;;;;
oceana;polyneisa;Samoa;C;2,56;;;$4.392,47 ;;1,3;93%;2,8;0,5;0,33;0;0;0,2;0,5;;;;;;;;;;;;
africa;1. SE.Africa;Rwanda;C;1,67;3,35;3,408;$772,97 ;0,53;3,7;95%;2,4;1;0;0;0;0;0;A;1,67;5;2,78;4,38;3,82;0,796;1,335;0,527;0,541;0,364;0,171
europe;17. E. Europe;Russia;C;0,14;2,94;5,81;$11.288,87 ;24,74;8,1;34%;6,3;0,25;0;0;0;0;0,5;A;2,17;1,79;5;3,13;1,47;1,059;0,771;0,691;0,459;0,282;0,129
europe;17. E. Europe;Romania;C;4,89;6,38;5,945;$12.301,19 ;6,61;4,8;84%;3,7;1;0,33;0;0,5;0,6;0,5;F;9,17;5,71;5;4,38;0;0,689;0,382;0,539;0,088;0,376;0,144
asia;8. W. Asia;Qatar;M;0,56;3,19;6,374;$69.026,47 ;10,05;5,6;95%;2,6;0;0,33;0;0;0;0;A;0;4,29;2,22;;;;;;;;
europe;18. S. Europe;Portugal;C;9,17;7,84;5,41;$23.145,73 ;3,26;1;72%;0,3;1;1;1;0,5;1;1;F;9,58;7,5;6,11;;;;;;;;
europe;19. C. Europe;Poland;C;3,67;6,67;6,123;$15.424,05 ;11,37;2,9;75%;2,2;1;0;0;0,5;0,2;0,5;F;9,17;6,07;6,11;;;1,223;1,492;0,564;0,575;0,171;0,019
asia;10. SE. Asia;Philippines;C;5,67;6,71;5,524;$3.102,71 ;5,48;1;96%;4;1;0,5;0,5;1;0,4;0;F;9,17;5,71;7,22;5,63;5;0,314;1,097;0,254;0,312;0,175;0,128
america;15. S. America;Peru;C;5,56;6,6;5,663;$6.947,26 ;12,27;2;84%;0,3;1;0,33;0;0,5;1;0,5;F;9,17;5;5,56;4,38;2,94;0,332;0,896;0,4;0,636;0,2;0,444
america;15. S. America;Paraguay;C;2,5;6,24;5,681;$5.871,47 ;3,88;1,9;92%;1,5;1;0;0;0,5;0;0;F;8,75;5,71;5;1,88;2,35;0,024;0;0,01;0,305;0,218;0,038
oceana;melanesia;Papua New Guinea;C;0,97;6,03;;$2.722,60 ;0,54;1,4;;2,4;0,25;0,33;0;0;0;0;F;6,92;6,07;3,89;3,13;0,88;;;;;;
america;14. C. America;Panama;C;3,89;7,05;6,43;$15.575,07 ;14,37;2,6;88%;0;1;0,33;0;0,5;0;0,5;F;9,58;6,07;6,67;5,63;3,24;0,549;1,088;0,457;0,696;0,256;0,065
oceana; micronesia;Palau;C;1,67;;;$17.317,87 ;;0,4;;0;1;0;0;0;0;0;;;;;2,5;5,59;0,816;0,99;0,666;0,26;0,077;0,028
asia;11. S. Asia;Pakistan;M;3,06;4,17;5,472;$1.472,89 ;4,43;6,6;92%;7,7;0,5;0,33;0;0;0;1;H;6,08;5,36;2,22;;;;;;;;
asia;8. W. Asia;Oman;M;0,97;3,04;;$16.418,93 ;;5,4;;0,4;0,25;0,33;0;0;0;0;A;0;3,93;2,78;;;;;;;;
europe;20. N. Europe;Norway;C;10;9,87;7,594;$81.807,20 ; ;2,9;21%;2,6;1;1;1;1;1;1;D;10;9,64;10;4,38;5;0,532;0,85;0,579;0,58;0,153;0,144
africa;4. W.Africa;Nigeria;x;0,56;4,44;5,155;$2.028,18 ;;4,9;96%;8,1;0;0,33;0;0;0;0;H;6,08;4,64;3,33;5,63;4,71;0,965;1,179;0,785;0,503;0,214;0,136
africa;4. W.Africa;Niger;M;2,22;3,76;4,166;$411,69 ;0,51;3,7;100%;3,1;1;0,33;0;0;0;0;A;5,25;1,14;3,33;3,75;3,82;;;;;;
america;14. C. America;Nicaragua;C;3,22;3,63;6,141;$2.028,90 ;10,33;1,7;84%;0,3;1;0,33;0;0;0,6;0;A;2,67;1,86;3,89;6,88;8,82;;;;;;
oceana;22. Oceana;New Zealand;C;9,17;9,26;7,324;$41.966,01 ;15,5;0,3;33%;0,4;1;1;1;1;1;0,5;D;10;9,29;8,89;5,63;5,88;0,378;0,372;0,24;0,44;0,163;0,067
europe;21. W. Europe;Netherlands;C;9,17;8,89;7,441;$52.978,44 ;15,63;2,6;33%;2,8;1;1;1;1;1;0,5;D;9,58;9,29;8,33;5,63;6,18;0,37;1,233;0,152;0,367;0,139;0,056
asia;11. S. Asia;Nepal H;H;4,22;5,18;4,88;$1.025,80 ;1,75;4,6;93%;4,7;0,5;0,33;0;0,5;0,2;1;H;4,33;5,36;5;4,38;4,71;0,131;0,867;0,221;0,39;0,175;0,099
oceana;micronesia;Nauru;C;2,22;;;$9.030,07 ;;1,5;;0;1;0,33;0;0;0;0;;;;;5;3,82;1,036;1,164;0,404;0,356;0,032;0,052
africa;6. S.Africa;Namibia;C;2,64;6,25;4,441;$5.931,45 ;0,76;0,9;92%;0;0,75;0,33;0;0;0;0,5;F;5,67;5,36;6,67;5,63;2,65;;;;;;
asia;10. SE. Asia;Myanmar;B;0,97;3,83;4,308;$1.325,95 ;5,15;;97%;;0,25;0,33;0;0;0;0;A;3,67;3,93;3,89;4,38;1,47;;;;;;
africa;6. S.Africa;Mozambique;C;2,56;3,85;4,417;$490,17 ;0,26;1,4;86%;2,5;1;0,33;0;0;0,2;0;A;3,58;2,14;5;;;;;;;;
africa;3. N.Africa;Morocco;M;0,97;4,99;5,254;$3.237,88 ;5,35;7;97%;3;0,25;0,33;0;0;0;0;H;5,25;4,64;5;5,63;7,35;;;;;;
europe;18. S. Europe;Montenegro;M;5;5,74;5,347;$8.760,69 ;;2,2;71%;1,1;1;0;0;0,5;1;0,5;H;6,08;5,36;6,11;5,63;5,59;0,899;1,215;0,522;0,538;0,484;0,018
asia;12. E. Asia;Mongolia;x;5,06;6,5;5,125;$4.103,70 ;19,66;3,1;;0,3;1;0,33;0;0,5;0,2;1;F;9,17;5,71;5,56;5,63;4,71;0,262;0,908;0,402;0,221;0,155;0,049
europe;17. E. Europe;Moldova;C;3,67;5,85;5,64;$3.189,36 ;8,76;4,4;72%;4,5;1;0;0;0,5;0,2;0,5;H;7,08;4,64;6,11;5;3,82;1,01;0,971;0,536;0,304;0,148;0,095
america;16. N. America;Mexico;C;8,42;6,19;6,488;$9.698,08 ;9,81;4,1;73%;5,6;1;1;1;1;0,8;0,25;F;8,33;6,07;7,22;4,38;2,35;1,338;1,366;0,698;0,594;0,243;0,123
africa;4. W.Africa;Mauritania;M;1,39;8,22;4,356;$1.218,60 ;;6,7;98%;2,1;0,1;0,33;0;0;0,4;0;D;9,17;8,21;5,56;5;1,47;0,72;1,034;0,441;0,626;0,23;0,174
america;7. Caribbean;Martinique;C;6,17;3,82;;;1,88;;;;1;1;0,5;0,5;0,2;0,5;A;3;3,57;5;;;;;;;;
oceana;micronesia;Marshall Islands;C;2,22;;;$3.621,17 ;0,97;0,6;;0,1;1;0,33;0;0;0;0;;;;;3,75;3,53;1,024;1,161;0,603;0,43;0,031;0,176
europe;18. S. Europe;Malta;C;8,33;8,21;6,627;$30.074,74 ;10,52;2,1;86%;0,8;1;1;1;0,5;1;0,5;D;9,17;8,21;6,11;;;;;;;;
africa;4. W.Africa;Mali;M;2,22;5,41;4,447;$901,40 ;0,78;1,2;95%;5,1;1;0,33;0;0;0;0;H;7,42;3,93;3,89;;;;;;;;
asia;11. S. Asia;Maldives;M;0,97;;;$10.223,64 ;0,25;8,2;;2,6;0,25;0,33;0;0;0;0;;;;;4,38;7,35;0,835;1,522;0,615;0,541;0,162;0,074
asia;10. SE. Asia;Malaysia;M;2,64;6,88;6,322;$11.238,96 ;5,81;8,3;96%;4,5;0,25;0,33;0;0;0;1;F;7,75;7,86;6,67;4,38;5;0,53;1,416;0,594;0,54;0,281;0,035
africa;6. S.Africa;Malawi;C;0,97;5,49;3,587;$389,40 ;0,15;2,1;99%;1,5;0,25;0,33;0;0;0;0;H;6,58;4,29;4,44;5;3,53;0,198;0,902;0,173;0,531;0,206;0,158
asia;Ind. Ocea;Madagascar;C;2,22;5,22;3,774;$460,75 ;;;93%;;1;0,33;0;0;0;0;H;6,08;3,57;6,11;4,38;6,47;0,781;1,268;0,608;0,604;0,179;0,071
asia;12. E. Asia;Macau;I;2,22;;;$86.355,41 ;10,43;1;;0;1;0,33;0;0;0;0;;;;;6,25;5,29;;;;;;
europe;21. W. Europe;Luxembourg;C;8,33;8,81;6,91;$114.340,50 ;18,54;2,5;39%;0,8;1;1;1;0,5;1;0,5;D;10;8,93;6,67;;;;;;;;
europe;20. N. Europe;Lithuania;C;5;7,5;5,952;$19.089,71 ;15,6;2,5;42%;0,6;1;0;0;0,5;1;0,5;F;9,58;6,43;6,11;;;;;;;;
africa;3. N.Africa;Libya;M;0,56;2,19;5,566;$7.235,03 ;11,89;4,1;;7,1;0;0,33;0;0;0;0;A;1;0,36;1,67;5,63;6,76;0,472;1,215;0,079;0,423;0,116;0,112
africa;4. W.Africa;Liberia;C;0,97;5,35;3,495;$674,21 ;1,9;2,6;94%;3,1;0,25;0,33;0;0;0;0;H;7,42;2,57;5,56;5,63;7,94;0,874;1,281;0,365;0,519;0,051;0,064
africa;6. S.Africa;Lesotho;C;2,64;6,64;3,808;$1.324,28 ;0,76;0,7;;1;1;0,33;0;0;0;0,25;F;9,17;5;6,67;6,25;5,88;1,161;1,258;0,669;0,356;0,311;0,059
asia;8. W. Asia;Lebanon;M;1,81;4,63;5,358;$8.269,79 ;;3,5;87%;5,2;0,25;0,33;0;0;0;0,5;H;3,92;2,21;6,67;6,25;7,35;1,529;1,451;1,008;0,631;0,261;0,457
europe;20. N. Europe;Latvia;x;5,33;7,38;5,933;$18.088,93 ;12,42;2,6;39%;1,2;1;0;0,5;0,5;0,2;1;F;9,58;6,07;5,56;6,25;6,18;0,918;1,314;0,672;0,585;0,307;0,05
asia;10. SE. Asia;Laos;B;2,22;2,37;4,623;$2.567,54 ;3,3;6,9;97%;2,4;1;0,33;0;0;0;0;A;0,83;2,86;1,67;;;;;;;;
asia;9. C. Asia;Kyrgyzstan;M;2,5;5,11;5,131;$1.281,36 ;9;5,7;72%;4;1;0;0;0;0;0,5;H;6,58;2,93;6,67;4,38;3,53;0,996;1,469;0,657;0,133;0,056;0,052
asia;8. W. Asia;Kuwait;M;0,97;3,85;6,083;$34.243,95 ;4,28;6,1;91%;1,9;0,25;0,33;0;0;0;0;A;3,17;4,29;3,89;5,63;2,35;1,039;1,498;0,7;0,307;0,101;0,154
oceana;micronesia;Kiribati;C;2,64;;;$1.625,29 ;;0,9;;1,2;0,25;0,33;0;0;1;0;;;;;6,25;0,88;0,474;1,166;0,598;0,292;0,187;0,034
africa;1. SE.Africa;Kenya;C;0,42;5,11;4,41;$1.710,51 ;3,4;3,3;94%;6,5;0,25;0;0;0;0;0;H;3,5;5,36;6,67;6,25;5,88;0,315;0,714;0,289;0,025;0,392;0,104
asia;13. Eurasia;Kazakhstan;M;3,06;2,94;5,79;$9.331,05 ;14,03;7,1;43%;0,8;1;0,33;0;0;0;0,5;A;0,5;2,14;4,44;;;;;;;;
asia;8. W. Asia;Jordan;M;4,17;3,93;5,161;$4.247,77 ;3,8;5,3;96%;3,4;1;0,5;0;0;0;1;A;3,58;4,29;3,89;7,5;8,24;1,266;1,204;0,955;0,244;0,175;0,051
asia;12. E. Asia;Japan;N;5,83;7,99;5,915;$39.286,74 ;18,91;0,2;24%;0,4;1;0,5;1;0,5;0;0,5;F;8,75;8,21;6,67;5;2,35;1,148;1,38;0,686;0,324;0,106;0,109
america;7. Caribbean;Jamaica;C;0,83;7,02;5,89;$5.355,58 ;8,37;1,4;70%;0,4;0,5;0;0;0;0;0;F;8,75;7,14;4,44;2,5;4,71;0,652;0,81;0,424;0,334;0,216;0,113
europe;18. S. Europe;Italy;C;7,78;7,71;6;$34.318,35 ;6,84;2,9;72%;5;1;0,67;0,5;1;1;0,5;F;9,58;6,07;7,78;6,25;1,47;0,989;1,142;0,799;0,597;0,029;0,103
asia;8. W. Asia;Israel J;J;9,17;7,79;7,19;$41.614,00 ;20,26;3,9;51%;7,8;1;0,5;1;1;1;1;F;9,17;7,5;8,89;4,38;3,24;1,143;1,516;0,631;0,454;0,148;0,121
europe;21. W. Europe;Ireland;C;9,33;9,15;6,977;$77.449,72 ;26,8;1;54%;1,2;1;1;1;1;0,6;1;D;9,58;7,86;8,33;5;7,65;;;;;;
asia;8. W. Asia;Iraq;M;2,22;4,06;4,456;$5.878,04 ;8,77;6,4;84%;8,8;1;0,33;0;0;0;0;H;4,75;0,07;6,67;5,63;4,12;0,668;1,319;0,7;0,527;0,208;0,128
asia;8. W. Asia;Iran;M;1,39;2,45;4,707;;14,66;8,4;73%;2,6;0;0,33;0;0;0;0,5;A;0;3,21;4,44;7,5;9,12;1,017;1,174;0,417;0,557;0,042;0,092
asia;10. SE. Asia;Indonesia;M;2,22;6,39;5,093;$3.893,60 ;3,73;7,9;99%;5,9;0,5;0,33;0;0;0;0,5;F;6,92;7,14;6,67;5;2,94;0,73;1,125;0,269;0;0,079;0,061
asia;11. S. Asia;India h;H;4,72;7,23;4,19;$2.015,59 ;4,85;5,4;90%;9,5;1;0,33;0;0;1;0,5;F;9,17;6,79;7,22;;;0,807;1,101;0,474;0,593;0,183;0,089
europe;20. N. Europe;Iceland;C;8,33;9,58;7,495;$73.191,12 ;17,89;3,7;;0,1;1;1;1;0;1;1;D;10;9,29;8,89;4,38;5,59;0,853;0,592;0,643;0,375;0,038;0,215
europe;19. C. Europe;Hungary;C;5,78;6,63;5,62;$15.938,84 ;15,38;3,3;39%;3,7;1;0,67;0;0,5;0,8;0,5;F;8,75;6,07;5;4,38;7,65;1,176;1,448;0,781;0,546;0,108;0,064
asia;12. E. Asia;Hong Kong;N;4,5;6,15;5,43;$48.717,29 ;15,22;1,8;24%;0,3;1;0,5;0,5;0;0,2;0,5;F;3,08;6,07;5,56;4,38;7,06;0,657;1,301;0,62;0,232;0,171;0
america;14. C. America;Honduras;C;4;5,63;5,504;$2.482,73 ;1,93;3,3;84%;1,4;1;0;0;0;0,4;1;H;8,5;4,64;4,44;6,25;6,18;0,793;1,413;0,609;0,163;0,187;0,011
america;7. Caribbean;Haiti;C;3,06;4,91;3,582;$868,28 ;0,67;2,7;75%;1,9;1;0,33;0;0,5;0;0;H;5,58;2,93;3,89;5;7,94;1,112;1,438;0,759;0,597;0,125;0,063
america;15. S. America;Guyana;C;1;6,67;;$4.634,68 ;0,24;2,5;;0;;0;0;0,5;0;0;F;9,17;5,71;6,11;;;;;;;;
africa;4. W.Africa;Guinea-Bissau;x;0,67;1,98;;$777,97 ;;0,4;;0,8;;0,33;0;0;0;0;A;1,67;0;2,78;3,89;5,63;0,715;1,365;0,702;0,618;0,177;0,079
africa;4. W.Africa;Guinea;M;0,97;3,14;3,964;$885,25 ;;2,5;97%;3,9;0,25;0,33;0;0;0;0;A;3,5;0,43;4,44;5,63;5,59;;;;;;
america;14. C. America;Guatemala;C;2,56;5,6;6,382;$4.549,01 ;0;2,2;88%;0,4;1;0,33;0;0;0,2;0;H;7,92;5,36;3,89;;;;;;;;
america;7. Caribbean;Grenada;C;1,81;;;$10.833,66 ;;2,2;;0;0,75;0,33;0;0;0;0;;;;;4,38;6,18;0,62;1,205;0,622;0,459;0,197;0,074
europe;18. S. Europe;Greece;C;7,78;7,29;5,358;$20.324,25 ;22,5;4,3;71%;5,1;1;0,67;0,5;0,5;1;1;F;9,58;5,36;6,11;4,38;3,53;0,822;1,265;0,645;0,468;0,13;0,134
africa;4. W.Africa;Ghana;C;1,11;6,63;4,657;$2.202,31 ;1,44;1,6;95%;2,6;0,33;0,33;0;0;0;0;F;8,33;5,71;6,67;3,75;7,06;0,806;1,231;0,639;0,461;0,065;0,082
europe;19. C. Europe;Germany;C;8,17;8,68;6,965;$48.195,58 ;13,14;3,2;40%;7,1;1;1;1;0,5;0,4;1;D;9,58;8,57;8,33;5,63;5,59;0,425;1,228;0,539;0,526;0,302;0,078
europe;17. E. Europe;Georgia;C;3,5;5,5;4,34;$4.344,63 ;;3,5;81%;3,1;1;0;0;0;0,6;0,5;H;7,83;3,57;6,11;5,63;7,94;1,21;1,537;0,776;0,354;0,118;0,014
africa;5. C.Africa;Gabon;C;2,22;3,61;4,758;$8.029,82 ;6,3;0,9;;1,1;1;0,33;0;0;0;0;A;2,58;2,21;4,44;6,88;8,82;1,229;1,191;0,909;0,423;0,202;0,035
europe;21. W. Europe;France;C;10;7,8;6,489;$41.463,64 ;10,6;4,9;30%;6;1;1;1;1;1;1;D;9,58;7,5;7,78;4,38;2,65;;;;;;
europe;20. N. Europe;Finland;C;9,17;9,14;7,632;$49.960,25 ;12,35;2,6;28%;1,7;1;1;1;1;1;0,5;D;10;8,93;8,33;7,5;8,53;1,405;1,29;1,03;0,524;0,246;0,291
oceana;melanesia;FijiFiji;C;3,89;5,85;;$6.202,16 ;7,03;1,5;;0,2;1;0,33;0;0;1;0;H;6,58;5,36;6,11;5,63;7,35;0,721;0,747;0,485;0,539;0,172;0,093
africa;2. Horn Africa;Ethiopia;C;0,97;3,35;4,35;$772,31 ;;4,1;100%;3,9;0,25;0,33;0;0;0;0;A;0;3,57;5,56;5;7,65;0,916;0,817;0,79;0,419;0,149;0,032
africa;6. S.Africa;Eswatini (Swaziland);C;0,97;3,03;;$4.139,96 ;;2,4;;0,3;0,25;0,33;0;0;0;0;A;0,92;2,86;2,22;;;;;;;;
europe;20. N. Europe;Estonia;N;9,44;7,97;5,739;$22.927,74 ;18,87;1,2;16%;0,8;1;0,67;1;1;1;1;F;9,58;8,21;6,67;4,38;7,65;1,116;1,219;0,726;0,528;0,088;0,001
africa;2. Horn Africa;Eritrea;C;0,97;2,37;;;;7,6;;0;0,25;0,33;0;0;0;0;A;0;2,14;1,67;6,25;9,12;1,197;1,527;0,716;0,35;0,026;0,006
africa;5. C.Africa;Equatorial Guinea;C;2,22;1,92;;$10.173,96 ;;3,3;;0,8;1;0,33;0;0;0;0;A;0;0,43;3,33;4,38;6,76;1,017;1,279;0,729;0,259;0,111;0,081
america;14. C. America;El Salvador;C;4,22;5,96;6,167;$4.058,24 ;3,92;2;83%;1;1;0,33;0;0,5;0,2;0,5;H;9,17;4,29;5,56;5;7,06;0,914;1,517;0,575;0,395;0,253;0,032
africa;3. N.Africa;Egypt;M;0,97;3,36;4,419;$2.549,14 ;6,65;8;97%;8,5;0,25;0,33;0;0;0;0;A;3,58;3,21;3,33;7,5;8,24;1,398;1,471;0,819;0,547;0,291;0,133
america;15. S. America;Ecuador;C;5,17;6,27;5,973;$6.344,87 ;5,19;2,5;82%;0,4;1;0;0,5;0;0,6;1;F;8,75;5,36;6,11;4,38;6,76;0,889;1,33;0,736;0,556;0,114;0,12
asia;10. SE. Asia;East Timor ;C;2,56;;;;;;;;1;0,33;0;0;0,2;0;;;;;;;;;;;;
america;7. Caribbean;Dominica;C;1,39;6,54;;$7.031,71 ;;1,6;;0;0,5;0,33;0;0;0;0;F;9,17;5,36;6,11;6,88;8,82;1,148;1,454;0,671;0,363;0,092;0,066
africa;2. Horn Africa;Djibouti;M;2,22;2,87;;$2.050,20 ;;4;98%;1,6;1;0,33;0;0;0;0;A;0,42;1,79;3,89;5,63;7,65;0,934;1,249;0,674;0,53;0,092;0,034
europe;20. N. Europe;Denmark;C;10;9,22;7,555;$60.595,58 ;14,98;4;19%;4,4;1;1;1;1;1;1;D;10;9,29;8,33;4,38;7,06;0,775;1,312;0,513;0,643;0,12;0,105
africa;5. C.Africa;Democratic Republic of the Congo;C;1,67;1,49;;$561,78 ;0,46;3;94%;4;1;0;0;0;0;0;A;0,5;0,71;2,22;6,25;7,06;1,171;1,401;0,732;0,259;0,061;0,022
europe;19. C. Europe;Czech Republic;x;6,67;7,69;6,711;$22.973,11 ;7,59;3,3;21%;2,6;1;0,5;0;1;1;0,5;F;9,58;6,79;6,67;7,5;8,82;1,294;1,462;0,988;0,553;0,079;0,15
europe;18. S. Europe;Cyprus;C;4,44;7,59;5,762;$28.159,30 ;20,75;;75%;;1;0,67;0;0;1;0;F;9,17;6,43;6,67;4,38;7,94;1,054;1,515;0,712;0,359;0,064;0,009
america;7. Caribbean;Cuba;C;4,5;3;;;13,32;4,3;34%;0,2;1;0;0;1;0,2;0,5;A;1,08;3,57;3,33;7,5;9,12;1,01;1,459;0,817;0,632;0,143;0,101
europe;19. C. Europe;Croatia;C;6,67;6,57;5,321;$14.869,09 ;11,04;2,4;70%;0,4;1;0;0,5;0,5;1;1;F;9,17;6,07;5,56;;;;;;;;
america;14. C. America;Costa Rica;C;6,08;8,07;7,072;$12.026,55 ;14,69;3,2;79%;0,1;1;0,75;0;0,5;0,4;1;D;9,58;7,5;6,67;3,75;6,18;0,915;1,078;0,758;0,28;0,216;0
asia;Ind. Ocea;Comoros;M;2,08;3,71;;$1.445,45 ;;1,7;97%;1,2;0,25;1;0;0;0;0;A;4,33;2,21;4,44;3,13;4,41;;;;;;
america;15. S. America;Colombia;C;8,17;6,96;6,26;$6.651,29 ;18,55;2;83%;2,2;1;1;1;0,5;0,4;1;F;9,17;6,79;5;5,63;9,12;1,365;1,436;0,857;0,418;0,151;0,078
asia;12. E. Asia;China;N;3,06;3,32;5,246;$9.770,85 ;2,71;1,3;;0,8;1;0,33;0;0;0;0,5;A;0;5;3,89;9,38;9,12;1,42;1,549;0,927;0,66;0,256;0,357
america;15. S. America;Chile;C;6,44;7,97;6,476;$15.923,36 ;5,92;1,3;70%;1,3;1;0,67;0,5;0,5;0,2;1;F;9,58;8,57;4,44;5;5,88;1,016;1,417;0,707;0,637;0,364;0,029
africa;5. C.Africa;Chad;x;0,97;1,61;4,301;$730,24 ;;2,6;95%;7,7;0,25;0,33;0;0;0;0;A;0;0;1,67;5;7,35;0,975;1,369;0,685;0,288;0,134;0,043
africa;5. C.Africa;Central African Republic;C;1,67;1,52;3,083;$509,97 ;0,83;0,5;94%;0;1;0;0;0;0;0;A;2,25;0;1,11;8,13;9,12;1,131;1,331;0,808;0,431;0,197;0,061
africa;4. W.Africa;Cape Verde;C;2,22;7,88;;;22,67;3,2;;5,2;1;0,33;0;0;0;0;F;9,17;7,86;6,67;6,88;8,53;1,233;1,489;0,854;0,543;0,064;0,034
africa;3. N.Africa;Canary Islands;x;6,11;;;;1,64;;;;1;0,67;0,5;0,5;0;1;;;;;5;7,06;1,115;1,161;0,737;0,38;0,12;0,039
america;16. N. America;Canada;C;10;9,15;7,328;$46.124,67 ;1,32;1,2;42%;2,4;1;1;1;1;1;1;D;9,58;9,64;7,78;6,25;8,24;1,219;1,506;0,856;0,633;0,16;0,051
africa;5. C.Africa;Cameroon;x;0,97;3,28;4,975;$1.526,88 ;0,54;2,4;96%;1,5;0,25;0,33;0;0;0;0;A;3,17;2,86;3,33;3,75;7,06;0,751;1,223;0,508;0,606;0,141;0,054
asia;10. SE. Asia;Cambodia;B;1,67;3,59;4,433;$1.512,13 ;;3,4;96%;0,1;1;0;0;0;0;0;A;1,33;5;2,78;7,5;8,82;1,251;1,538;0,965;0,449;0,142;0,074
africa;1. SE.Africa;Burundi;C;0,97;2,33;2,905;$3.654,01 ;13,07;2,4;98%;1,5;0,25;0,33;0;0;0;0;A;0;0,43;3,89;5;7,94;0,94;1,41;0,33;0,516;0,103;0,056
africa;4. W.Africa;Burkina Faso;x;1,67;4,75;4,424;$275,43 ;6,51;1,8;88%;4,3;1;0;0;0;0;0;H;4,42;4,29;4,44;6,88;8,24;1,264;1,501;0,946;0,281;0,137;0,028
europe;18. S. Europe;Bulgaria;C;5,83;7,03;4,933;$731,17 ;;5,3;34%;4,2;1;0;0,5;0,5;1;0,5;F;9,17;6,43;7,22;6,88;8,53;1,154;1,202;0,879;0,131;0;0,044
asia;10. SE. Asia;Brunei;M;0,56;;;$9.272,63 ;;6,9;;2,1;0;0,33;0;0;0;0;;;;;6,25;8,24;1,073;1,468;0,744;0,57;0,062;0,054
america;15. S. America;Brazil;C;8,17;6,97;6,419;$31.627,74 ;5,63;1,3;87%;4,3;1;1;1;0,5;0,4;1;F;9,58;5,36;6,67;5;8,24;0,986;1,474;0,675;0,493;0,11;0,088
africa;6. S.Africa;Botswana;C;3,39;7,81;3,59;$8.920,76 ;2,02;1,3;77%;0;1;0,33;0;0;0,2;0,5;F;9,17;7,14;6,11;5,63;8,24;0,96;1,439;0,635;0,531;0,099;0,039
europe;18. S. Europe;Bosnia and Herzegovina;x;6,11;4,98;5,129;$8.258,64 ;;2,9;77%;3,2;1;0,67;0;0,5;1;0,5;H;6,5;2,93;5,56;7,5;9,41;1,34;1,474;0,861;0,586;0,273;0,28
america;15. S. America;Bolivia`;C;7,5;5,7;5,752;$5.951,32 ;8,43;1;89%;3,9;1;0;0,5;1;1;1;H;7,5;4,64;5,56;10;9,71;1,343;1,644;0,914;0,677;0,353;0,138
asia;11. S. Asia;Bhutan;B;1,39;5,3;5,082;$3.548,59 ;;5,2;;1,3;0,5;0,33;0;0;0;0;H;8,75;6,79;2,78;8,75;9,71;1,576;1,52;0,896;0,632;0,196;0,321
africa;4. W.Africa;Benin;C;2,22;5,74;4,141;$3.360,27 ;2,01;1,2;93%;3,9;1;0,33;0;0;0;0;H;6,5;5,71;5;8,75;8,82;1,27;1,525;0,884;0,645;0,376;0,142
america;14. C. America;Belize;C;3,39;;5,956;$901,95 ;3,18;2,3;62%;0,3;1;0,33;0;0;0,2;0,5;;;;;3,13;6,18;1,038;1,252;0,761;0,479;0,069;0,095
europe;21. W. Europe;Belgium;C;9,25;7,78;6,927;$5.025,18 ;17,69;3,8;33%;2,2;1;1;1;1;0,8;0,75;F;9,58;8,93;5;7,5;9,71;1,093;1,459;0,771;0,625;0,13;0,155
europe;17. E. Europe;Belarus;C;2,92;3,13;5,483;$46.556,10 ;;6,4;34%;1,4;1;0;0;0,25;0;0,5;A;0,92;2,86;3,89;7,5;5,88;1,244;1,433;0,888;0,464;0,262;0,082
america;7. Caribbean;Barbados;C;1,39;;;$6.289,94 ;2,07;3;;0;0,5;0,33;0;0;0;0;;;;;8,75;9,71;1,305;1,592;0,874;0,681;0,202;0,393
asia;11. S. Asia;Bangladesh;M;1,81;5,57;4,5;$1.698,26 ;2,28;5;100%;5,6;0,25;0,33;0;0;0;0,5;H;7,83;5,07;5,56;8,13;9,12;1,361;1,488;0,878;0,638;0,333;0,295
asia;8. W. Asia;Bahrain;M;2,22;2,71;6,105;$24.050,76 ;7,76;5,9;94%;1,3;1;0,33;0;0;0;0;A;0,83;3,21;2,78;6,88;8,82;1,341;1,504;0,891;0,617;0,242;0,224
europe;17. E. Europe;Azerbaijan;M;2,22;2,65;5,201;$4.721,18 ;;;50%;;1;0,33;0;0;0;0;A;0,5;2,14;3,33;6,88;9,12;1,188;1,429;0,884;0,562;0,055;0,017
europe;19. C. Europe;Austria;C;9,17;8,29;7,139;$51.512,91 ;9,37;4,2;55%;3,2;1;1;0,5;1;1;1;D;9,58;7,86;8,33;8,13;10;1,268;1,601;0,876;0,669;0,365;0,389
oceana;22.Oceana;Australia;C;9,17;9,09;7,272;$57.305,30 ;18,52;1,1;32%;2,6;1;1;0,5;1;1;1;D;10;8,93;7,78;8,75;10;1,34;1,573;0,91;0,647;0,361;0,302
america;7. Caribbean;Aruba;C;3,89;;;;;;;;1;0,83;0;0,5;0;0;;;;;6,88;8,53;1,324;1,483;0,894;0,583;0,188;0,24
europe;17. E. Europe;Armenia;C;1,67;4,79;4,321;$4.212,07 ;15,03;;73%;;1;0;0;0;0;0;H;5,67;4,64;5,56;10;10;1,448;1,583;0,876;0,614;0,307;0,306
america;15. S. America;Argentina;C;8,17;7,02;6,388;$11.652,57 ;2,87;2,7;65%;1,8;1;1;1;0,5;0,4;1;F;9,17;5,36;6,11;6,88;8,53;1,2;1,532;0,737;0,553;0,086;0,174
america;7. Caribbean;Antigua and Barbuda;C;1,14;;;$16.864,38 ;;2,2;;0;0,35;0,33;0;0;0;0;;;;;10;9,71;1,456;1,582;0,861;0,686;0,286;0,34
africa;6. S.Africa;Angola;C;3,39;3,62;3,795;$3.432,39 ;;4,1;88%;3,2;1;0,33;0;0;0,2;0,5;A;1,75;2,86;5,56;8,75;10;1,33;1,532;0,896;0,653;0,321;0,291
europe;18. S. Europe;Andorra;C;5,28;;;$42.029,76 ;;2,4;;0;1;0,67;0,5;0;1;0;;;;;10;9,41;1,355;1,501;0,913;0,659;0,285;0,383
africa;3. N.Africa;Algeria;M;1,39;3,5;5,295;$4.278,85 ;6,66;8;95%;6,3;0,5;0,33;0;0;0;0;A;2,58;2,21;3,89;9,38;9,12;1,351;1,59;0,868;0,683;0,284;0,408
europe;18. S. Europe;Albania;M;4,72;5,98;4,586;$5.253,63 ;0,93;1,6;39%;0,1;1;0,33;0;0,5;1;0;H;7;4,71;5,56;8,13;9,12;1,301;1,559;0,883;0,533;0,354;0,272
asia;9. C. Asia;Afghanistan;M;0,56;2,97;3,632;$520,90 ;;6,5;97%;6,9;0;0,33;0;0;0;0;A;2,92;1,14;4,44;5,63;8,53;1,293;1,466;0,908;0,52;0,098;0,176
